Model,Accuracy
CNN,0.9041248559951782
MobileNetV2,0.5501672029495239
EfficientNetB0,0.20122630894184113
